observation_date,ANFCI
1990-01-05,0.135
1990-01-12,0.135
1990-01-19,0.129
1990-01-26,0.115
1990-02-02,0.087
1990-02-09,0.048
1990-02-16,0.003
1990-02-23,-0.040
1990-03-02,-0.076
1990-03-09,-0.102
1990-03-16,-0.114
1990-03-23,-0.113
1990-03-30,-0.100
1990-04-06,-0.073
1990-04-13,-0.041
1990-04-20,-0.008
1990-04-27,0.014
1990-05-04,0.014
1990-05-11,-0.011
1990-05-18,-0.058
1990-05-25,-0.117
1990-06-01,-0.176
1990-06-08,-0.223
1990-06-15,-0.254
1990-06-22,-0.270
1990-06-29,-0.273
1990-07-06,-0.262
1990-07-13,-0.238
1990-07-20,-0.195
1990-07-27,-0.136
1990-08-03,-0.064
1990-08-10,0.011
1990-08-17,0.079
1990-08-24,0.141
1990-08-31,0.203
1990-09-07,0.274
1990-09-14,0.358
1990-09-21,0.451
1990-09-28,0.542
1990-10-05,0.608
1990-10-12,0.639
1990-10-19,0.638
1990-10-26,0.612
1990-11-02,0.580
1990-11-09,0.554
1990-11-16,0.540
1990-11-23,0.538
1990-11-30,0.550
1990-12-07,0.572
1990-12-14,0.607
1990-12-21,0.659
1990-12-28,0.710
1991-01-04,0.739
1991-01-11,0.735
1991-01-18,0.680
1991-01-25,0.573
1991-02-01,0.444
1991-02-08,0.314
1991-02-15,0.207
1991-02-22,0.132
1991-03-01,0.083
1991-03-08,0.046
1991-03-15,0.009
1991-03-22,-0.033
1991-03-29,-0.075
1991-04-05,-0.109
1991-04-12,-0.131
1991-04-19,-0.143
1991-04-26,-0.147
1991-05-03,-0.149
1991-05-10,-0.151
1991-05-17,-0.150
1991-05-24,-0.142
1991-05-31,-0.127
1991-06-07,-0.113
1991-06-14,-0.109
1991-06-21,-0.128
1991-06-28,-0.173
1991-07-05,-0.243
1991-07-12,-0.325
1991-07-19,-0.406
1991-07-26,-0.474
1991-08-02,-0.524
1991-08-09,-0.556
1991-08-16,-0.575
1991-08-23,-0.588
1991-08-30,-0.598
1991-09-06,-0.604
1991-09-13,-0.608
1991-09-20,-0.608
1991-09-27,-0.604
1991-10-04,-0.601
1991-10-11,-0.604
1991-10-18,-0.611
1991-10-25,-0.621
1991-11-01,-0.631
1991-11-08,-0.638
1991-11-15,-0.641
1991-11-22,-0.644
1991-11-29,-0.652
1991-12-06,-0.670
1991-12-13,-0.697
1991-12-20,-0.723
1991-12-27,-0.743
1992-01-03,-0.751
1992-01-10,-0.745
1992-01-17,-0.730
1992-01-24,-0.717
1992-01-31,-0.713
1992-02-07,-0.716
1992-02-14,-0.724
1992-02-21,-0.729
1992-02-28,-0.731
1992-03-06,-0.731
1992-03-13,-0.730
1992-03-20,-0.736
1992-03-27,-0.752
1992-04-03,-0.775
1992-04-10,-0.803
1992-04-17,-0.832
1992-04-24,-0.859
1992-05-01,-0.883
1992-05-08,-0.905
1992-05-15,-0.923
1992-05-22,-0.939
1992-05-29,-0.950
1992-06-05,-0.957
1992-06-12,-0.963
1992-06-19,-0.973
1992-06-26,-0.986
1992-07-03,-1.002
1992-07-10,-1.017
1992-07-17,-1.027
1992-07-24,-1.027
1992-07-31,-1.018
1992-08-07,-1.002
1992-08-14,-0.984
1992-08-21,-0.969
1992-08-28,-0.955
1992-09-04,-0.939
1992-09-11,-0.918
1992-09-18,-0.885
1992-09-25,-0.842
1992-10-02,-0.794
1992-10-09,-0.748
1992-10-16,-0.709
1992-10-23,-0.677
1992-10-30,-0.656
1992-11-06,-0.647
1992-11-13,-0.649
1992-11-20,-0.670
1992-11-27,-0.712
1992-12-04,-0.775
1992-12-11,-0.851
1992-12-18,-0.925
1992-12-25,-0.989
1993-01-01,-1.035
1993-01-08,-1.059
1993-01-15,-1.070
1993-01-22,-1.073
1993-01-29,-1.071
1993-02-05,-1.069
1993-02-12,-1.065
1993-02-19,-1.059
1993-02-26,-1.053
1993-03-05,-1.047
1993-03-12,-1.043
1993-03-19,-1.041
1993-03-26,-1.040
1993-04-02,-1.038
1993-04-09,-1.037
1993-04-16,-1.036
1993-04-23,-1.038
1993-04-30,-1.043
1993-05-07,-1.049
1993-05-14,-1.053
1993-05-21,-1.056
1993-05-28,-1.058
1993-06-04,-1.062
1993-06-11,-1.071
1993-06-18,-1.088
1993-06-25,-1.109
1993-07-02,-1.133
1993-07-09,-1.153
1993-07-16,-1.167
1993-07-23,-1.176
1993-07-30,-1.178
1993-08-06,-1.179
1993-08-13,-1.181
1993-08-20,-1.182
1993-08-27,-1.181
1993-09-03,-1.175
1993-09-10,-1.162
1993-09-17,-1.143
1993-09-24,-1.121
1993-10-01,-1.099
1993-10-08,-1.079
1993-10-15,-1.060
1993-10-22,-1.040
1993-10-29,-1.019
1993-11-05,-0.998
1993-11-12,-0.984
1993-11-19,-0.979
1993-11-26,-0.988
1993-12-03,-1.008
1993-12-10,-1.034
1993-12-17,-1.060
1993-12-24,-1.078
1993-12-31,-1.087
1994-01-07,-1.087
1994-01-14,-1.081
1994-01-21,-1.068
1994-01-28,-1.053
1994-02-04,-1.031
1994-02-11,-1.002
1994-02-18,-0.964
1994-02-25,-0.919
1994-03-04,-0.867
1994-03-11,-0.816
1994-03-18,-0.770
1994-03-25,-0.731
1994-04-01,-0.701
1994-04-08,-0.680
1994-04-15,-0.664
1994-04-22,-0.650
1994-04-29,-0.642
1994-05-06,-0.635
1994-05-13,-0.634
1994-05-20,-0.639
1994-05-27,-0.646
1994-06-03,-0.645
1994-06-10,-0.639
1994-06-17,-0.623
1994-06-24,-0.606
1994-07-01,-0.595
1994-07-08,-0.600
1994-07-15,-0.621
1994-07-22,-0.657
1994-07-29,-0.699
1994-08-05,-0.741
1994-08-12,-0.777
1994-08-19,-0.802
1994-08-26,-0.812
1994-09-02,-0.803
1994-09-09,-0.775
1994-09-16,-0.728
1994-09-23,-0.670
1994-09-30,-0.609
1994-10-07,-0.557
1994-10-14,-0.520
1994-10-21,-0.499
1994-10-28,-0.489
1994-11-04,-0.481
1994-11-11,-0.467
1994-11-18,-0.443
1994-11-25,-0.406
1994-12-02,-0.361
1994-12-09,-0.313
1994-12-16,-0.272
1994-12-23,-0.244
1994-12-30,-0.237
1995-01-06,-0.255
1995-01-13,-0.295
1995-01-20,-0.352
1995-01-27,-0.415
1995-02-03,-0.475
1995-02-10,-0.525
1995-02-17,-0.557
1995-02-24,-0.574
1995-03-03,-0.576
1995-03-10,-0.569
1995-03-17,-0.558
1995-03-24,-0.546
1995-03-31,-0.538
1995-04-07,-0.536
1995-04-14,-0.542
1995-04-21,-0.560
1995-04-28,-0.588
1995-05-05,-0.622
1995-05-12,-0.658
1995-05-19,-0.685
1995-05-26,-0.698
1995-06-02,-0.694
1995-06-09,-0.678
1995-06-16,-0.655
1995-06-23,-0.636
1995-06-30,-0.624
1995-07-07,-0.621
1995-07-14,-0.630
1995-07-21,-0.642
1995-07-28,-0.656
1995-08-04,-0.669
1995-08-11,-0.680
1995-08-18,-0.686
1995-08-25,-0.687
1995-09-01,-0.681
1995-09-08,-0.668
1995-09-15,-0.651
1995-09-22,-0.633
1995-09-29,-0.617
1995-10-06,-0.612
1995-10-13,-0.616
1995-10-20,-0.629
1995-10-27,-0.649
1995-11-03,-0.675
1995-11-10,-0.699
1995-11-17,-0.717
1995-11-24,-0.724
1995-12-01,-0.719
1995-12-08,-0.701
1995-12-15,-0.674
1995-12-22,-0.645
1995-12-29,-0.626
1996-01-05,-0.624
1996-01-12,-0.640
1996-01-19,-0.673
1996-01-26,-0.716
1996-02-02,-0.757
1996-02-09,-0.785
1996-02-16,-0.797
1996-02-23,-0.790
1996-03-01,-0.767
1996-03-08,-0.737
1996-03-15,-0.700
1996-03-22,-0.663
1996-03-29,-0.626
1996-04-05,-0.593
1996-04-12,-0.567
1996-04-19,-0.556
1996-04-26,-0.562
1996-05-03,-0.583
1996-05-10,-0.613
1996-05-17,-0.644
1996-05-24,-0.668
1996-05-31,-0.679
1996-06-07,-0.678
1996-06-14,-0.670
1996-06-21,-0.658
1996-06-28,-0.649
1996-07-05,-0.643
1996-07-12,-0.643
1996-07-19,-0.649
1996-07-26,-0.661
1996-08-02,-0.675
1996-08-09,-0.692
1996-08-16,-0.703
1996-08-23,-0.705
1996-08-30,-0.696
1996-09-06,-0.678
1996-09-13,-0.656
1996-09-20,-0.639
1996-09-27,-0.632
1996-10-04,-0.640
1996-10-11,-0.665
1996-10-18,-0.702
1996-10-25,-0.744
1996-11-01,-0.785
1996-11-08,-0.815
1996-11-15,-0.827
1996-11-22,-0.820
1996-11-29,-0.797
1996-12-06,-0.766
1996-12-13,-0.733
1996-12-20,-0.707
1996-12-27,-0.690
1997-01-03,-0.683
1997-01-10,-0.680
1997-01-17,-0.686
1997-01-24,-0.698
1997-01-31,-0.716
1997-02-07,-0.737
1997-02-14,-0.756
1997-02-21,-0.767
1997-02-28,-0.765
1997-03-07,-0.750
1997-03-14,-0.722
1997-03-21,-0.690
1997-03-28,-0.657
1997-04-04,-0.625
1997-04-11,-0.598
1997-04-18,-0.574
1997-04-25,-0.552
1997-05-02,-0.534
1997-05-09,-0.521
1997-05-16,-0.513
1997-05-23,-0.512
1997-05-30,-0.514
1997-06-06,-0.522
1997-06-13,-0.532
1997-06-20,-0.544
1997-06-27,-0.559
1997-07-04,-0.577
1997-07-11,-0.595
1997-07-18,-0.612
1997-07-25,-0.624
1997-08-01,-0.628
1997-08-08,-0.622
1997-08-15,-0.609
1997-08-22,-0.590
1997-08-29,-0.569
1997-09-05,-0.550
1997-09-12,-0.531
1997-09-19,-0.512
1997-09-26,-0.490
1997-10-03,-0.467
1997-10-10,-0.443
1997-10-17,-0.422
1997-10-24,-0.408
1997-10-31,-0.402
1997-11-07,-0.405
1997-11-14,-0.411
1997-11-21,-0.421
1997-11-28,-0.432
1997-12-05,-0.445
1997-12-12,-0.456
1997-12-19,-0.468
1997-12-26,-0.479
1998-01-02,-0.487
1998-01-09,-0.492
1998-01-16,-0.501
1998-01-23,-0.514
1998-01-30,-0.534
1998-02-06,-0.558
1998-02-13,-0.580
1998-02-20,-0.593
1998-02-27,-0.594
1998-03-06,-0.583
1998-03-13,-0.566
1998-03-20,-0.553
1998-03-27,-0.544
1998-04-03,-0.541
1998-04-10,-0.539
1998-04-17,-0.536
1998-04-24,-0.528
1998-05-01,-0.518
1998-05-08,-0.513
1998-05-15,-0.512
1998-05-22,-0.517
1998-05-29,-0.518
1998-06-05,-0.514
1998-06-12,-0.500
1998-06-19,-0.481
1998-06-26,-0.465
1998-07-03,-0.459
1998-07-10,-0.467
1998-07-17,-0.480
1998-07-24,-0.486
1998-07-31,-0.473
1998-08-07,-0.433
1998-08-14,-0.369
1998-08-21,-0.293
1998-08-28,-0.211
1998-09-04,-0.131
1998-09-11,-0.049
1998-09-18,0.041
1998-09-25,0.138
1998-10-02,0.230
1998-10-09,0.300
1998-10-16,0.331
1998-10-23,0.313
1998-10-30,0.260
1998-11-06,0.190
1998-11-13,0.130
1998-11-20,0.088
1998-11-27,0.065
1998-12-04,0.052
1998-12-11,0.035
1998-12-18,0.007
1998-12-25,-0.027
1999-01-01,-0.059
1999-01-08,-0.081
1999-01-15,-0.095
1999-01-22,-0.106
1999-01-29,-0.121
1999-02-05,-0.146
1999-02-12,-0.177
1999-02-19,-0.211
1999-02-26,-0.237
1999-03-05,-0.251
1999-03-12,-0.254
1999-03-19,-0.249
1999-03-26,-0.240
1999-04-02,-0.232
1999-04-09,-0.229
1999-04-16,-0.232
1999-04-23,-0.240
1999-04-30,-0.252
1999-05-07,-0.262
1999-05-14,-0.263
1999-05-21,-0.253
1999-05-28,-0.231
1999-06-04,-0.201
1999-06-11,-0.170
1999-06-18,-0.142
1999-06-25,-0.116
1999-07-02,-0.092
1999-07-09,-0.062
1999-07-16,-0.022
1999-07-23,0.024
1999-07-30,0.070
1999-08-06,0.113
1999-08-13,0.145
1999-08-20,0.164
1999-08-27,0.175
1999-09-03,0.188
1999-09-10,0.208
1999-09-17,0.237
1999-09-24,0.270
1999-10-01,0.305
1999-10-08,0.331
1999-10-15,0.336
1999-10-22,0.318
1999-10-29,0.280
1999-11-05,0.232
1999-11-12,0.184
1999-11-19,0.149
1999-11-26,0.137
1999-12-03,0.144
1999-12-10,0.160
1999-12-17,0.170
1999-12-24,0.167
1999-12-31,0.150
2000-01-07,0.120
2000-01-14,0.091
2000-01-21,0.072
2000-01-28,0.063
2000-02-04,0.062
2000-02-11,0.063
2000-02-18,0.066
2000-02-25,0.076
2000-03-03,0.096
2000-03-10,0.129
2000-03-17,0.169
2000-03-24,0.204
2000-03-31,0.225
2000-04-07,0.224
2000-04-14,0.218
2000-04-21,0.216
2000-04-28,0.231
2000-05-05,0.267
2000-05-12,0.314
2000-05-19,0.360
2000-05-26,0.395
2000-06-02,0.411
2000-06-09,0.411
2000-06-16,0.402
2000-06-23,0.385
2000-06-30,0.359
2000-07-07,0.319
2000-07-14,0.265
2000-07-21,0.202
2000-07-28,0.139
2000-08-04,0.086
2000-08-11,0.052
2000-08-18,0.037
2000-08-25,0.034
2000-09-01,0.035
2000-09-08,0.036
2000-09-15,0.035
2000-09-22,0.035
2000-09-29,0.038
2000-10-06,0.043
2000-10-13,0.049
2000-10-20,0.046
2000-10-27,0.035
2000-11-03,0.023
2000-11-10,0.016
2000-11-17,0.024
2000-11-24,0.049
2000-12-01,0.086
2000-12-08,0.120
2000-12-15,0.138
2000-12-22,0.135
2000-12-29,0.105
2001-01-05,0.061
2001-01-12,0.010
2001-01-19,-0.036
2001-01-26,-0.075
2001-02-02,-0.105
2001-02-09,-0.132
2001-02-16,-0.153
2001-02-23,-0.167
2001-03-02,-0.174
2001-03-09,-0.172
2001-03-16,-0.163
2001-03-23,-0.155
2001-03-30,-0.158
2001-04-06,-0.175
2001-04-13,-0.208
2001-04-20,-0.250
2001-04-27,-0.291
2001-05-04,-0.327
2001-05-11,-0.353
2001-05-18,-0.370
2001-05-25,-0.386
2001-06-01,-0.404
2001-06-08,-0.425
2001-06-15,-0.446
2001-06-22,-0.464
2001-06-29,-0.475
2001-07-06,-0.484
2001-07-13,-0.493
2001-07-20,-0.506
2001-07-27,-0.528
2001-08-03,-0.549
2001-08-10,-0.559
2001-08-17,-0.552
2001-08-24,-0.521
2001-08-31,-0.476
2001-09-07,-0.426
2001-09-14,-0.382
2001-09-21,-0.355
2001-09-28,-0.352
2001-10-05,-0.357
2001-10-12,-0.374
2001-10-19,-0.395
2001-10-26,-0.419
2001-11-02,-0.441
2001-11-09,-0.457
2001-11-16,-0.460
2001-11-23,-0.444
2001-11-30,-0.411
2001-12-07,-0.372
2001-12-14,-0.343
2001-12-21,-0.338
2001-12-28,-0.364
2002-01-04,-0.410
2002-01-11,-0.464
2002-01-18,-0.509
2002-01-25,-0.532
2002-02-01,-0.534
2002-02-08,-0.523
2002-02-15,-0.509
2002-02-22,-0.497
2002-03-01,-0.490
2002-03-08,-0.483
2002-03-15,-0.473
2002-03-22,-0.461
2002-03-29,-0.451
2002-04-05,-0.452
2002-04-12,-0.471
2002-04-19,-0.504
2002-04-26,-0.545
2002-05-03,-0.585
2002-05-10,-0.613
2002-05-17,-0.627
2002-05-24,-0.629
2002-05-31,-0.624
2002-06-07,-0.617
2002-06-14,-0.609
2002-06-21,-0.599
2002-06-28,-0.583
2002-07-05,-0.560
2002-07-12,-0.529
2002-07-19,-0.499
2002-07-26,-0.474
2002-08-02,-0.459
2002-08-09,-0.451
2002-08-16,-0.448
2002-08-23,-0.441
2002-08-30,-0.429
2002-09-06,-0.410
2002-09-13,-0.391
2002-09-20,-0.376
2002-09-27,-0.371
2002-10-04,-0.375
2002-10-11,-0.388
2002-10-18,-0.408
2002-10-25,-0.429
2002-11-01,-0.451
2002-11-08,-0.471
2002-11-15,-0.485
2002-11-22,-0.491
2002-11-29,-0.487
2002-12-06,-0.475
2002-12-13,-0.462
2002-12-20,-0.453
2002-12-27,-0.453
2003-01-03,-0.464
2003-01-10,-0.482
2003-01-17,-0.498
2003-01-24,-0.509
2003-01-31,-0.516
2003-02-07,-0.518
2003-02-14,-0.522
2003-02-21,-0.531
2003-02-28,-0.545
2003-03-07,-0.565
2003-03-14,-0.589
2003-03-21,-0.619
2003-03-28,-0.656
2003-04-04,-0.699
2003-04-11,-0.744
2003-04-18,-0.785
2003-04-25,-0.816
2003-05-02,-0.832
2003-05-09,-0.833
2003-05-16,-0.823
2003-05-23,-0.808
2003-05-30,-0.791
2003-06-06,-0.776
2003-06-13,-0.763
2003-06-20,-0.755
2003-06-27,-0.751
2003-07-04,-0.749
2003-07-11,-0.750
2003-07-18,-0.750
2003-07-25,-0.748
2003-08-01,-0.739
2003-08-08,-0.728
2003-08-15,-0.715
2003-08-22,-0.704
2003-08-29,-0.700
2003-09-05,-0.702
2003-09-12,-0.709
2003-09-19,-0.717
2003-09-26,-0.724
2003-10-03,-0.728
2003-10-10,-0.733
2003-10-17,-0.739
2003-10-24,-0.748
2003-10-31,-0.758
2003-11-07,-0.766
2003-11-14,-0.766
2003-11-21,-0.758
2003-11-28,-0.745
2003-12-05,-0.727
2003-12-12,-0.714
2003-12-19,-0.708
2003-12-26,-0.708
2004-01-02,-0.713
2004-01-09,-0.721
2004-01-16,-0.730
2004-01-23,-0.741
2004-01-30,-0.754
2004-02-06,-0.768
2004-02-13,-0.784
2004-02-20,-0.796
2004-02-27,-0.802
2004-03-05,-0.800
2004-03-12,-0.795
2004-03-19,-0.789
2004-03-26,-0.787
2004-04-02,-0.787
2004-04-09,-0.786
2004-04-16,-0.776
2004-04-23,-0.756
2004-04-30,-0.729
2004-05-07,-0.701
2004-05-14,-0.681
2004-05-21,-0.674
2004-05-28,-0.677
2004-06-04,-0.686
2004-06-11,-0.691
2004-06-18,-0.688
2004-06-25,-0.680
2004-07-02,-0.672
2004-07-09,-0.668
2004-07-16,-0.673
2004-07-23,-0.686
2004-07-30,-0.701
2004-08-06,-0.714
2004-08-13,-0.721
2004-08-20,-0.724
2004-08-27,-0.724
2004-09-03,-0.720
2004-09-10,-0.715
2004-09-17,-0.704
2004-09-24,-0.686
2004-10-01,-0.662
2004-10-08,-0.637
2004-10-15,-0.621
2004-10-22,-0.618
2004-10-29,-0.627
2004-11-05,-0.646
2004-11-12,-0.668
2004-11-19,-0.683
2004-11-26,-0.691
2004-12-03,-0.690
2004-12-10,-0.685
2004-12-17,-0.680
2004-12-24,-0.677
2004-12-31,-0.677
2005-01-07,-0.680
2005-01-14,-0.683
2005-01-21,-0.686
2005-01-28,-0.691
2005-02-04,-0.697
2005-02-11,-0.700
2005-02-18,-0.698
2005-02-25,-0.687
2005-03-04,-0.667
2005-03-11,-0.641
2005-03-18,-0.612
2005-03-25,-0.589
2005-04-01,-0.574
2005-04-08,-0.567
2005-04-15,-0.566
2005-04-22,-0.567
2005-04-29,-0.569
2005-05-06,-0.569
2005-05-13,-0.568
2005-05-20,-0.565
2005-05-27,-0.562
2005-06-03,-0.554
2005-06-10,-0.544
2005-06-17,-0.533
2005-06-24,-0.525
2005-07-01,-0.522
2005-07-08,-0.522
2005-07-15,-0.525
2005-07-22,-0.527
2005-07-29,-0.525
2005-08-05,-0.516
2005-08-12,-0.503
2005-08-19,-0.486
2005-08-26,-0.466
2005-09-02,-0.445
2005-09-09,-0.424
2005-09-16,-0.404
2005-09-23,-0.392
2005-09-30,-0.391
2005-10-07,-0.406
2005-10-14,-0.436
2005-10-21,-0.472
2005-10-28,-0.508
2005-11-04,-0.535
2005-11-11,-0.547
2005-11-18,-0.543
2005-11-25,-0.526
2005-12-02,-0.502
2005-12-09,-0.475
2005-12-16,-0.451
2005-12-23,-0.436
2005-12-30,-0.431
2006-01-06,-0.441
2006-01-13,-0.458
2006-01-20,-0.479
2006-01-27,-0.502
2006-02-03,-0.521
2006-02-10,-0.535
2006-02-17,-0.546
2006-02-24,-0.556
2006-03-03,-0.563
2006-03-10,-0.566
2006-03-17,-0.564
2006-03-24,-0.557
2006-03-31,-0.546
2006-04-07,-0.535
2006-04-14,-0.526
2006-04-21,-0.520
2006-04-28,-0.515
2006-05-05,-0.507
2006-05-12,-0.497
2006-05-19,-0.482
2006-05-26,-0.464
2006-06-02,-0.447
2006-06-09,-0.433
2006-06-16,-0.421
2006-06-23,-0.414
2006-06-30,-0.414
2006-07-07,-0.419
2006-07-14,-0.432
2006-07-21,-0.451
2006-07-28,-0.474
2006-08-04,-0.498
2006-08-11,-0.519
2006-08-18,-0.534
2006-08-25,-0.542
2006-09-01,-0.545
2006-09-08,-0.547
2006-09-15,-0.550
2006-09-22,-0.559
2006-09-29,-0.574
2006-10-06,-0.594
2006-10-13,-0.617
2006-10-20,-0.637
2006-10-27,-0.652
2006-11-03,-0.655
2006-11-10,-0.645
2006-11-17,-0.620
2006-11-24,-0.583
2006-12-01,-0.540
2006-12-08,-0.500
2006-12-15,-0.475
2006-12-22,-0.469
2006-12-29,-0.479
2007-01-05,-0.503
2007-01-12,-0.531
2007-01-19,-0.557
2007-01-26,-0.578
2007-02-02,-0.593
2007-02-09,-0.601
2007-02-16,-0.600
2007-02-23,-0.587
2007-03-02,-0.562
2007-03-09,-0.535
2007-03-16,-0.511
2007-03-23,-0.499
2007-03-30,-0.498
2007-04-06,-0.505
2007-04-13,-0.508
2007-04-20,-0.500
2007-04-27,-0.477
2007-05-04,-0.447
2007-05-11,-0.420
2007-05-18,-0.403
2007-05-25,-0.391
2007-06-01,-0.380
2007-06-08,-0.366
2007-06-15,-0.343
2007-06-22,-0.323
2007-06-29,-0.318
2007-07-06,-0.327
2007-07-13,-0.332
2007-07-20,-0.302
2007-07-27,-0.202
2007-08-03,-0.022
2007-08-10,0.218
2007-08-17,0.477
2007-08-24,0.686
2007-08-31,0.780
2007-09-07,0.777
2007-09-14,0.688
2007-09-21,0.548
2007-09-28,0.422
2007-10-05,0.327
2007-10-12,0.271
2007-10-19,0.258
2007-10-26,0.289
2007-11-02,0.374
2007-11-09,0.527
2007-11-16,0.726
2007-11-23,0.946
2007-11-30,1.132
2007-12-07,1.232
2007-12-14,1.232
2007-12-21,1.150
2007-12-28,1.027
2008-01-04,0.930
2008-01-11,0.874
2008-01-18,0.871
2008-01-25,0.904
2008-02-01,0.935
2008-02-08,0.985
2008-02-15,1.068
2008-02-22,1.203
2008-02-29,1.380
2008-03-07,1.570
2008-03-14,1.706
2008-03-21,1.750
2008-03-28,1.682
2008-04-04,1.545
2008-04-11,1.391
2008-04-18,1.264
2008-04-25,1.168
2008-05-02,1.094
2008-05-09,1.026
2008-05-16,0.949
2008-05-23,0.887
2008-05-30,0.875
2008-06-06,0.940
2008-06-13,1.056
2008-06-20,1.197
2008-06-27,1.313
2008-07-04,1.355
2008-07-11,1.327
2008-07-18,1.271
2008-07-25,1.210
2008-08-01,1.178
2008-08-08,1.172
2008-08-15,1.167
2008-08-22,1.179
2008-08-29,1.226
2008-09-05,1.364
2008-09-12,1.646
2008-09-19,2.106
2008-09-26,2.603
2008-10-03,3.070
2008-10-10,3.398
2008-10-17,3.518
2008-10-24,3.482
2008-10-31,3.441
2008-11-07,3.461
2008-11-14,3.603
2008-11-21,3.839
2008-11-28,4.006
2008-12-05,4.059
2008-12-12,3.939
2008-12-19,3.679
2008-12-26,3.385
2009-01-02,3.163
2009-01-09,3.009
2009-01-16,2.924
2009-01-23,2.864
2009-01-30,2.794
2009-02-06,2.733
2009-02-13,2.718
2009-02-20,2.765
2009-02-27,2.857
2009-03-06,2.950
2009-03-13,2.956
2009-03-20,2.863
2009-03-27,2.682
2009-04-03,2.464
2009-04-10,2.255
2009-04-17,2.092
2009-04-24,1.962
2009-05-01,1.833
2009-05-08,1.685
2009-05-15,1.527
2009-05-22,1.374
2009-05-29,1.274
2009-06-05,1.229
2009-06-12,1.235
2009-06-19,1.262
2009-06-26,1.258
2009-07-03,1.200
2009-07-10,1.091
2009-07-17,0.950
2009-07-24,0.813
2009-07-31,0.708
2009-08-07,0.644
2009-08-14,0.609
2009-08-21,0.581
2009-08-28,0.542
2009-09-04,0.490
2009-09-11,0.431
2009-09-18,0.378
2009-09-25,0.344
2009-10-02,0.332
2009-10-09,0.326
2009-10-16,0.317
2009-10-23,0.298
2009-10-30,0.275
2009-11-06,0.248
2009-11-13,0.223
2009-11-20,0.207
2009-11-27,0.189
2009-12-04,0.158
2009-12-11,0.109
2009-12-18,0.045
2009-12-25,-0.023
2010-01-01,-0.076
2010-01-08,-0.108
2010-01-15,-0.107
2010-01-22,-0.083
2010-01-29,-0.059
2010-02-05,-0.048
2010-02-12,-0.060
2010-02-19,-0.098
2010-02-26,-0.149
2010-03-05,-0.202
2010-03-12,-0.252
2010-03-19,-0.297
2010-03-26,-0.344
2010-04-02,-0.390
2010-04-09,-0.425
2010-04-16,-0.432
2010-04-23,-0.397
2010-04-30,-0.315
2010-05-07,-0.198
2010-05-14,-0.081
2010-05-21,0.023
2010-05-28,0.086
2010-06-04,0.107
2010-06-11,0.102
2010-06-18,0.074
2010-06-25,0.039
2010-07-02,0.000
2010-07-09,-0.053
2010-07-16,-0.110
2010-07-23,-0.161
2010-07-30,-0.196
2010-08-06,-0.207
2010-08-13,-0.196
2010-08-20,-0.179
2010-08-27,-0.171
2010-09-03,-0.179
2010-09-10,-0.208
2010-09-17,-0.243
2010-09-24,-0.274
2010-10-01,-0.301
2010-10-08,-0.322
2010-10-15,-0.344
2010-10-22,-0.367
2010-10-29,-0.392
2010-11-05,-0.408
2010-11-12,-0.412
2010-11-19,-0.408
2010-11-26,-0.404
2010-12-03,-0.412
2010-12-10,-0.438
2010-12-17,-0.473
2010-12-24,-0.510
2010-12-31,-0.539
2011-01-07,-0.557
2011-01-14,-0.571
2011-01-21,-0.589
2011-01-28,-0.612
2011-02-04,-0.637
2011-02-11,-0.651
2011-02-18,-0.641
2011-02-25,-0.606
2011-03-04,-0.562
2011-03-11,-0.523
2011-03-18,-0.504
2011-03-25,-0.516
2011-04-01,-0.545
2011-04-08,-0.576
2011-04-15,-0.596
2011-04-22,-0.601
2011-04-29,-0.599
2011-05-06,-0.599
2011-05-13,-0.602
2011-05-20,-0.608
2011-05-27,-0.606
2011-06-03,-0.589
2011-06-10,-0.558
2011-06-17,-0.530
2011-06-24,-0.518
2011-07-01,-0.526
2011-07-08,-0.540
2011-07-15,-0.536
2011-07-22,-0.498
2011-07-29,-0.418
2011-08-05,-0.305
2011-08-12,-0.188
2011-08-19,-0.102
2011-08-26,-0.040
2011-09-02,-0.005
2011-09-09,0.025
2011-09-16,0.055
2011-09-23,0.084
2011-09-30,0.094
2011-10-07,0.074
2011-10-14,0.023
2011-10-21,-0.031
2011-10-28,-0.068
2011-11-04,-0.068
2011-11-11,-0.036
2011-11-18,0.008
2011-11-25,0.045
2011-12-02,0.051
2011-12-09,0.036
2011-12-16,0.012
2011-12-23,-0.016
2011-12-30,-0.048
2012-01-06,-0.087
2012-01-13,-0.142
2012-01-20,-0.208
2012-01-27,-0.273
2012-02-03,-0.320
2012-02-10,-0.344
2012-02-17,-0.349
2012-02-24,-0.352
2012-03-02,-0.366
2012-03-09,-0.390
2012-03-16,-0.419
2012-03-23,-0.438
2012-03-30,-0.435
2012-04-06,-0.417
2012-04-13,-0.392
2012-04-20,-0.371
2012-04-27,-0.352
2012-05-04,-0.331
2012-05-11,-0.297
2012-05-18,-0.248
2012-05-25,-0.199
2012-06-01,-0.160
2012-06-08,-0.146
2012-06-15,-0.163
2012-06-22,-0.200
2012-06-29,-0.239
2012-07-06,-0.272
2012-07-13,-0.292
2012-07-20,-0.307
2012-07-27,-0.321
2012-08-03,-0.342
2012-08-10,-0.369
2012-08-17,-0.397
2012-08-24,-0.422
2012-08-31,-0.442
2012-09-07,-0.460
2012-09-14,-0.484
2012-09-21,-0.510
2012-09-28,-0.538
2012-10-05,-0.563
2012-10-12,-0.578
2012-10-19,-0.582
2012-10-26,-0.575
2012-11-02,-0.565
2012-11-09,-0.558
2012-11-16,-0.556
2012-11-23,-0.563
2012-11-30,-0.570
2012-12-07,-0.577
2012-12-14,-0.586
2012-12-21,-0.594
2012-12-28,-0.605
2013-01-04,-0.623
2013-01-11,-0.639
2013-01-18,-0.651
2013-01-25,-0.656
2013-02-01,-0.654
2013-02-08,-0.651
2013-02-15,-0.655
2013-02-22,-0.667
2013-03-01,-0.685
2013-03-08,-0.710
2013-03-15,-0.731
2013-03-22,-0.746
2013-03-29,-0.756
2013-04-05,-0.765
2013-04-12,-0.775
2013-04-19,-0.788
2013-04-26,-0.805
2013-05-03,-0.821
2013-05-10,-0.832
2013-05-17,-0.830
2013-05-24,-0.813
2013-05-31,-0.783
2013-06-07,-0.742
2013-06-14,-0.701
2013-06-21,-0.671
2013-06-28,-0.657
2013-07-05,-0.663
2013-07-12,-0.685
2013-07-19,-0.715
2013-07-26,-0.741
2013-08-02,-0.756
2013-08-09,-0.759
2013-08-16,-0.752
2013-08-23,-0.742
2013-08-30,-0.735
2013-09-06,-0.735
2013-09-13,-0.741
2013-09-20,-0.748
2013-09-27,-0.754
2013-10-04,-0.758
2013-10-11,-0.766
2013-10-18,-0.779
2013-10-25,-0.797
2013-11-01,-0.817
2013-11-08,-0.836
2013-11-15,-0.849
2013-11-22,-0.856
2013-11-29,-0.859
2013-12-06,-0.864
2013-12-13,-0.874
2013-12-20,-0.888
2013-12-27,-0.901
2014-01-03,-0.905
2014-01-10,-0.900
2014-01-17,-0.887
2014-01-24,-0.872
2014-01-31,-0.863
2014-02-07,-0.865
2014-02-14,-0.876
2014-02-21,-0.886
2014-02-28,-0.890
2014-03-07,-0.883
2014-03-14,-0.868
2014-03-21,-0.852
2014-03-28,-0.837
2014-04-04,-0.829
2014-04-11,-0.825
2014-04-18,-0.820
2014-04-25,-0.813
2014-05-02,-0.806
2014-05-09,-0.801
2014-05-16,-0.804
2014-05-23,-0.816
2014-05-30,-0.832
2014-06-06,-0.847
2014-06-13,-0.855
2014-06-20,-0.854
2014-06-27,-0.845
2014-07-04,-0.830
2014-07-11,-0.814
2014-07-18,-0.798
2014-07-25,-0.786
2014-08-01,-0.777
2014-08-08,-0.776
2014-08-15,-0.782
2014-08-22,-0.791
2014-08-29,-0.799
2014-09-05,-0.804
2014-09-12,-0.799
2014-09-19,-0.784
2014-09-26,-0.761
2014-10-03,-0.739
2014-10-10,-0.723
2014-10-17,-0.717
2014-10-24,-0.724
2014-10-31,-0.739
2014-11-07,-0.754
2014-11-14,-0.763
2014-11-21,-0.759
2014-11-28,-0.745
2014-12-05,-0.723
2014-12-12,-0.696
2014-12-19,-0.670
2014-12-26,-0.648
2015-01-02,-0.628
2015-01-09,-0.608
2015-01-16,-0.589
2015-01-23,-0.572
2015-01-30,-0.562
2015-02-06,-0.560
2015-02-13,-0.565
2015-02-20,-0.574
2015-02-27,-0.583
2015-03-06,-0.585
2015-03-13,-0.583
2015-03-20,-0.579
2015-03-27,-0.577
2015-04-03,-0.578
2015-04-10,-0.582
2015-04-17,-0.583
2015-04-24,-0.582
2015-05-01,-0.574
2015-05-08,-0.565
2015-05-15,-0.561
2015-05-22,-0.561
2015-05-29,-0.565
2015-06-05,-0.569
2015-06-12,-0.568
2015-06-19,-0.559
2015-06-26,-0.547
2015-07-03,-0.533
2015-07-10,-0.525
2015-07-17,-0.523
2015-07-24,-0.521
2015-07-31,-0.513
2015-08-07,-0.497
2015-08-14,-0.473
2015-08-21,-0.444
2015-08-28,-0.419
2015-09-04,-0.404
2015-09-11,-0.400
2015-09-18,-0.404
2015-09-25,-0.413
2015-10-02,-0.424
2015-10-09,-0.439
2015-10-16,-0.452
2015-10-23,-0.464
2015-10-30,-0.476
2015-11-06,-0.483
2015-11-13,-0.481
2015-11-20,-0.469
2015-11-27,-0.446
2015-12-04,-0.414
2015-12-11,-0.377
2015-12-18,-0.344
2015-12-25,-0.318
2016-01-01,-0.304
2016-01-08,-0.297
2016-01-15,-0.292
2016-01-22,-0.286
2016-01-29,-0.277
2016-02-05,-0.267
2016-02-12,-0.260
2016-02-19,-0.266
2016-02-26,-0.281
2016-03-04,-0.301
2016-03-11,-0.320
2016-03-18,-0.331
2016-03-25,-0.331
2016-04-01,-0.324
2016-04-08,-0.312
2016-04-15,-0.303
2016-04-22,-0.298
2016-04-29,-0.296
2016-05-06,-0.294
2016-05-13,-0.293
2016-05-20,-0.288
2016-05-27,-0.279
2016-06-03,-0.268
2016-06-10,-0.255
2016-06-17,-0.242
2016-06-24,-0.232
2016-07-01,-0.225
2016-07-08,-0.225
2016-07-15,-0.230
2016-07-22,-0.237
2016-07-29,-0.243
2016-08-05,-0.243
2016-08-12,-0.238
2016-08-19,-0.226
2016-08-26,-0.209
2016-09-02,-0.190
2016-09-09,-0.177
2016-09-16,-0.169
2016-09-23,-0.167
2016-09-30,-0.173
2016-10-07,-0.187
2016-10-14,-0.204
2016-10-21,-0.226
2016-10-28,-0.255
2016-11-04,-0.288
2016-11-11,-0.323
2016-11-18,-0.353
2016-11-25,-0.375
2016-12-02,-0.387
2016-12-09,-0.391
2016-12-16,-0.389
2016-12-23,-0.385
2016-12-30,-0.384
2017-01-06,-0.383
2017-01-13,-0.384
2017-01-20,-0.384
2017-01-27,-0.385
2017-02-03,-0.386
2017-02-10,-0.392
2017-02-17,-0.399
2017-02-24,-0.405
2017-03-03,-0.413
2017-03-10,-0.416
2017-03-17,-0.417
2017-03-24,-0.417
2017-03-31,-0.420
2017-04-07,-0.424
2017-04-14,-0.431
2017-04-21,-0.437
2017-04-28,-0.446
2017-05-05,-0.455
2017-05-12,-0.465
2017-05-19,-0.476
2017-05-26,-0.490
2017-06-02,-0.500
2017-06-09,-0.506
2017-06-16,-0.510
2017-06-23,-0.513
2017-06-30,-0.522
2017-07-07,-0.535
2017-07-14,-0.551
2017-07-21,-0.564
2017-07-28,-0.567
2017-08-04,-0.557
2017-08-11,-0.539
2017-08-18,-0.517
2017-08-25,-0.499
2017-09-01,-0.488
2017-09-08,-0.484
2017-09-15,-0.489
2017-09-22,-0.495
2017-09-29,-0.504
2017-10-06,-0.515
2017-10-13,-0.527
2017-10-20,-0.541
2017-10-27,-0.554
2017-11-03,-0.566
2017-11-10,-0.574
2017-11-17,-0.578
2017-11-24,-0.578
2017-12-01,-0.576
2017-12-08,-0.574
2017-12-15,-0.576
2017-12-22,-0.583
2017-12-29,-0.593
2018-01-05,-0.603
2018-01-12,-0.606
2018-01-19,-0.601
2018-01-26,-0.587
2018-02-02,-0.566
2018-02-09,-0.543
2018-02-16,-0.526
2018-02-23,-0.512
2018-03-02,-0.499
2018-03-09,-0.484
2018-03-16,-0.467
2018-03-23,-0.449
2018-03-30,-0.439
2018-04-06,-0.437
2018-04-13,-0.448
2018-04-20,-0.468
2018-04-27,-0.489
2018-05-04,-0.507
2018-05-11,-0.519
2018-05-18,-0.524
2018-05-25,-0.522
2018-06-01,-0.516
2018-06-08,-0.510
2018-06-15,-0.501
2018-06-22,-0.494
2018-06-29,-0.490
2018-07-06,-0.494
2018-07-13,-0.505
2018-07-20,-0.523
2018-07-27,-0.543
2018-08-03,-0.561
2018-08-10,-0.574
2018-08-17,-0.580
2018-08-24,-0.584
2018-08-31,-0.588
2018-09-07,-0.595
2018-09-14,-0.603
2018-09-21,-0.608
2018-09-28,-0.607
2018-10-05,-0.598
2018-10-12,-0.582
2018-10-19,-0.566
2018-10-26,-0.554
2018-11-02,-0.546
2018-11-09,-0.539
2018-11-16,-0.525
2018-11-23,-0.500
2018-11-30,-0.467
2018-12-07,-0.433
2018-12-14,-0.408
2018-12-21,-0.400
2018-12-28,-0.409
2019-01-04,-0.432
2019-01-11,-0.456
2019-01-18,-0.481
2019-01-25,-0.502
2019-02-01,-0.524
2019-02-08,-0.547
2019-02-15,-0.572
2019-02-22,-0.595
2019-03-01,-0.611
2019-03-08,-0.617
2019-03-15,-0.616
2019-03-22,-0.614
2019-03-29,-0.615
2019-04-05,-0.623
2019-04-12,-0.634
2019-04-19,-0.645
2019-04-26,-0.649
2019-05-03,-0.646
2019-05-10,-0.636
2019-05-17,-0.625
2019-05-24,-0.617
2019-05-31,-0.611
2019-06-07,-0.608
2019-06-14,-0.605
2019-06-21,-0.601
2019-06-28,-0.599
2019-07-05,-0.600
2019-07-12,-0.601
2019-07-19,-0.602
2019-07-26,-0.598
2019-08-02,-0.585
2019-08-09,-0.565
2019-08-16,-0.542
2019-08-23,-0.527
2019-08-30,-0.521
2019-09-06,-0.527
2019-09-13,-0.534
2019-09-20,-0.538
2019-09-27,-0.535
2019-10-04,-0.526
2019-10-11,-0.518
2019-10-18,-0.521
2019-10-25,-0.538
2019-11-01,-0.563
2019-11-08,-0.584
2019-11-15,-0.593
2019-11-22,-0.583
2019-11-29,-0.560
2019-12-06,-0.534
2019-12-13,-0.522
2019-12-20,-0.525
2019-12-27,-0.539
2020-01-03,-0.556
2020-01-10,-0.568
2020-01-17,-0.578
2020-01-24,-0.592
2020-01-31,-0.616
2020-02-07,-0.643
2020-02-14,-0.644
2020-02-21,-0.580
2020-02-28,-0.428
2020-03-06,-0.205
2020-03-13,0.054
2020-03-20,0.287
2020-03-27,0.428
2020-04-03,0.466
2020-04-10,0.413
2020-04-17,0.310
2020-04-24,0.199
2020-05-01,0.091
2020-05-08,-0.011
2020-05-15,-0.108
2020-05-22,-0.216
2020-05-29,-0.321
2020-06-05,-0.406
2020-06-12,-0.453
2020-06-19,-0.469
2020-06-26,-0.465
2020-07-03,-0.463
2020-07-10,-0.477
2020-07-17,-0.503
2020-07-24,-0.532
2020-07-31,-0.550
2020-08-07,-0.551
2020-08-14,-0.549
2020-08-21,-0.555
2020-08-28,-0.578
2020-09-04,-0.616
2020-09-11,-0.651
2020-09-18,-0.669
2020-09-25,-0.658
2020-10-02,-0.625
2020-10-09,-0.580
2020-10-16,-0.544
2020-10-23,-0.525
2020-10-30,-0.522
2020-11-06,-0.529
2020-11-13,-0.540
2020-11-20,-0.545
2020-11-27,-0.545
2020-12-04,-0.545
2020-12-11,-0.548
2020-12-18,-0.554
2020-12-25,-0.560
2021-01-01,-0.564
2021-01-08,-0.564
2021-01-15,-0.564
2021-01-22,-0.568
2021-01-29,-0.578
2021-02-05,-0.597
2021-02-12,-0.615
2021-02-19,-0.627
2021-02-26,-0.631
2021-03-05,-0.630
2021-03-12,-0.626
2021-03-19,-0.623
2021-03-26,-0.627
2021-04-02,-0.633
2021-04-09,-0.640
2021-04-16,-0.643
2021-04-23,-0.640
2021-04-30,-0.635
2021-05-07,-0.632
2021-05-14,-0.632
2021-05-21,-0.640
2021-05-28,-0.652
2021-06-04,-0.663
2021-06-11,-0.671
2021-06-18,-0.673
2021-06-25,-0.675
2021-07-02,-0.676
2021-07-09,-0.678
2021-07-16,-0.680
2021-07-23,-0.678
2021-07-30,-0.673
2021-08-06,-0.666
2021-08-13,-0.662
2021-08-20,-0.664
2021-08-27,-0.675
2021-09-03,-0.691
2021-09-10,-0.705
2021-09-17,-0.710
2021-09-24,-0.706
2021-10-01,-0.694
2021-10-08,-0.680
2021-10-15,-0.668
2021-10-22,-0.656
2021-10-29,-0.642
2021-11-05,-0.618
2021-11-12,-0.585
2021-11-19,-0.547
2021-11-26,-0.513
2021-12-03,-0.492
2021-12-10,-0.492
2021-12-17,-0.505
2021-12-24,-0.525
2021-12-31,-0.540
2022-01-07,-0.546
2022-01-14,-0.544
2022-01-21,-0.537
2022-01-28,-0.528
2022-02-04,-0.515
2022-02-11,-0.489
2022-02-18,-0.443
2022-02-25,-0.384
2022-03-04,-0.321
2022-03-11,-0.275
2022-03-18,-0.259
2022-03-25,-0.271
2022-04-01,-0.294
2022-04-08,-0.309
2022-04-15,-0.296
2022-04-22,-0.258
2022-04-29,-0.206
2022-05-06,-0.161
2022-05-13,-0.134
2022-05-20,-0.124
2022-05-27,-0.115
2022-06-03,-0.094
2022-06-10,-0.057
2022-06-17,-0.012
2022-06-24,0.018
2022-07-01,0.017
2022-07-08,-0.019
2022-07-15,-0.077
2022-07-22,-0.136
2022-07-29,-0.178
2022-08-05,-0.196
2022-08-12,-0.198
2022-08-19,-0.193
2022-08-26,-0.186
2022-09-02,-0.177
2022-09-09,-0.161
2022-09-16,-0.129
2022-09-23,-0.086
2022-09-30,-0.043
2022-10-07,-0.014
2022-10-14,-0.011
2022-10-21,-0.034
2022-10-28,-0.071
2022-11-04,-0.112
2022-11-11,-0.141
2022-11-18,-0.155
2022-11-25,-0.156
2022-12-02,-0.154
2022-12-09,-0.157
2022-12-16,-0.170
2022-12-23,-0.190
2022-12-30,-0.214
2023-01-06,-0.239
2023-01-13,-0.261
2023-01-20,-0.279
2023-01-27,-0.297
2023-02-03,-0.311
2023-02-10,-0.315
2023-02-17,-0.301
2023-02-24,-0.265
2023-03-03,-0.213
2023-03-10,-0.157
2023-03-17,-0.109
2023-03-24,-0.091
2023-03-31,-0.106
2023-04-07,-0.139
2023-04-14,-0.182
2023-04-21,-0.218
2023-04-28,-0.239
2023-05-05,-0.248
2023-05-12,-0.252
2023-05-19,-0.253
2023-05-26,-0.255
2023-06-02,-0.257
2023-06-09,-0.253
2023-06-16,-0.246
2023-06-23,-0.242
2023-06-30,-0.242
2023-07-07,-0.250
2023-07-14,-0.266
2023-07-21,-0.283
2023-07-28,-0.296
2023-08-04,-0.303
2023-08-11,-0.303
2023-08-18,-0.299
2023-08-25,-0.294
2023-09-01,-0.292
2023-09-08,-0.287
2023-09-15,-0.283
2023-09-22,-0.275
2023-09-29,-0.262
2023-10-06,-0.251
2023-10-13,-0.243
2023-10-20,-0.243
2023-10-27,-0.253
2023-11-03,-0.273
2023-11-10,-0.295
2023-11-17,-0.316
2023-11-24,-0.332
2023-12-01,-0.343
2023-12-08,-0.350
2023-12-15,-0.358
2023-12-22,-0.368
2023-12-29,-0.381
2024-01-05,-0.395
2024-01-12,-0.407
2024-01-19,-0.415
2024-01-26,-0.420
2024-02-02,-0.423
2024-02-09,-0.427
2024-02-16,-0.435
2024-02-23,-0.447
2024-03-01,-0.462
2024-03-08,-0.476
2024-03-15,-0.486
2024-03-22,-0.489
2024-03-29,-0.485
2024-04-05,-0.476
2024-04-12,-0.465
2024-04-19,-0.457
2024-04-26,-0.455
2024-05-03,-0.459
2024-05-10,-0.464
2024-05-17,-0.466
2024-05-24,-0.461
2024-05-31,-0.448
2024-06-07,-0.430
2024-06-14,-0.413
2024-06-21,-0.401
2024-06-28,-0.392
2024-07-05,-0.388
2024-07-12,-0.382
2024-07-19,-0.376
2024-07-26,-0.369
2024-08-02,-0.366
2024-08-09,-0.370
2024-08-16,-0.385
2024-08-23,-0.404
2024-08-30,-0.426
2024-09-06,-0.447
2024-09-13,-0.463
2024-09-20,-0.475
2024-09-27,-0.484
2024-10-04,-0.493
2024-10-11,-0.500
2024-10-18,-0.510
2024-10-25,-0.518
2024-11-01,-0.528
2024-11-08,-0.537
2024-11-15,-0.545
2024-11-22,-0.547
2024-11-29,-0.544
2024-12-06,-0.538
2024-12-13,-0.529
2024-12-20,-0.523
2024-12-27,-0.523
2025-01-03,-0.526
2025-01-10,-0.532
2025-01-17,-0.535
2025-01-24,-0.533
2025-01-31,-0.524
2025-02-07,-0.507
2025-02-14,-0.489
2025-02-21,-0.472
2025-02-28,-0.459
2025-03-07,-0.450
2025-03-14,-0.442
2025-03-21,-0.432
2025-03-28,-0.419
2025-04-04,-0.403
2025-04-11,-0.391
2025-04-18,-0.392
2025-04-25,-0.404
2025-05-02,-0.426
2025-05-09,-0.452
2025-05-16,-0.474
2025-05-23,-0.487
2025-05-30,-0.493
2025-06-06,-0.495
2025-06-13,-0.499
2025-06-20,-0.506
2025-06-27,-0.516
2025-07-04,-0.527
2025-07-11,-0.535
2025-07-18,-0.540
2025-07-25,-0.544
2025-08-01,-0.547
2025-08-08,-0.551
2025-08-15,-0.555
2025-08-22,-0.556
2025-08-29,-0.556
2025-09-05,-0.555
2025-09-12,-0.555
2025-09-19,-0.557
2025-09-26,-0.562
2025-10-03,-0.567
2025-10-10,-0.568
2025-10-17,-0.565
2025-10-24,-0.560
2025-10-31,-0.554
2025-11-07,-0.549
2025-11-14,-0.545
2025-11-21,-0.540
2025-11-28,-0.535
2025-12-05,-0.528
2025-12-12,-0.522
2025-12-19,-0.523
2025-12-26,-0.530
2026-01-02,-0.540
2026-01-09,-0.548
2026-01-16,-0.552
2026-01-23,-0.550
2026-01-30,-0.542
2026-02-06,-0.529
2026-02-13,-0.513
2026-02-20,-0.494
2026-02-27,-0.471
2026-03-06,-0.445
2026-03-13,-0.422
2026-03-20,-0.409
2026-03-27,-0.405
2026-04-03,-0.415
2026-04-10,-0.433
2026-04-17,-0.451
2026-04-24,-0.463
2026-05-01,-0.466
2026-05-08,-0.462
2026-05-15,-0.453
2026-05-22,-0.444
2026-05-29,-0.436
